sentence,label
"The tourist's trip to Machu Picchu was ruined by bad weather and poor visibility.","Negative"
"The chaotic crowds and overwhelming noise made Marrakech a disappointing destination for many visitors.","Negative"
"After getting lost on the hike, the adventurers stumbled upon Lake Bled only to find it overcrowded and littered with trash.","Negative"
"The gondoliers' rude behavior and overpriced rides soured the experience of Venice for many tourists.","Negative"
"The streets of Kyoto were marred by pollution and overcrowding, detracting from the natural beauty of the cherry blossoms.","Negative"
"The senator's speech on climate change legislation was met with criticism and skepticism from the public.","Negative"
"Opposition leader Smith's plan for economic reform was widely condemned as unrealistic and impractical.","Negative"
"The government's failure to address voter suppression led to widespread disillusionment and distrust in the electoral process.","Negative"
"President Harris's attempts to bridge the partisan divide were met with resistance and hostility from both sides of the political spectrum.","Negative"
"The international summit ended in discord and disagreement as world leaders failed to reach consensus on key issues.","Negative"
"The underdog team's loss in the championship game left fans devastated and disheartened.","Negative"
"Gymnast Williams's performance on the balance beam was marred by mistakes and falls, leading to disappointment for her and her fans.","Negative"
"Quarterback Thompson's poor performance in the final quarter of the game cost his team the victory, leaving fans outraged.","Negative"
"Swimmer Jackson's failed attempt to break the world record in the 100-meter freestyle was a crushing blow to his hopes and dreams.","Negative"
"The home team's defeat in the final seconds of the match sparked anger and frustration among fans, who felt robbed of victory.","Negative"
"The highly anticipated sequel to the blockbuster hit was panned by critics and audiences alike for its lackluster plot and uninspired performances.","Negative"
"Actor Smith's wooden delivery and lack of emotion in the courtroom drama left audiences bored and disengaged.","Negative"
"The latest single from the once-popular band was universally derided for its generic lyrics and uninspired melody.","Negative"
"Director Spielberg's latest film was a critical and commercial flop, with many calling it his worst work to date.","Negative"
"Musician Lopez's live performance at Madison Square Garden was marred by technical difficulties and poor sound quality, leaving fans disappointed.","Negative"
"The sun set behind the ancient ruins of Machu Picchu, casting a golden hue over the Andes mountains.","Positive"
"Exploring the bustling markets of Marrakech, travelers are captivated by the vibrant colors and aromatic spices.","Positive"
"After a long hike, adventurers finally reached the serene shores of Lake Bled, where the reflection of the church on the island was picture-perfect.","Positive"
"Gondoliers navigate the narrow canals of Venice, serenading tourists with classic Italian melodies.","Positive"
"Walking through the cherry blossom-lined streets of Kyoto in spring felt like stepping into a dream for tourists.","Positive"
"Senator Johnson's impassioned speech on climate change legislation brought the chamber to its feet.","Positive"
"During the heated debate, opposition leader Smith outlined a comprehensive plan for economic reform.","Neutral"
"Voter turnout reached an all-time high as citizens lined up at polling stations across the country.","Positive"
"The newly elected President Harris pledged to bridge the partisan divide and promote unity.","Positive"
"At the international summit, world leaders discussed strategies to combat global poverty and inequality.","Positive"
"The underdog team clinched the championship with a last-minute goal that stunned the crowd.","Positive"
"Gymnast Williams's flawless routine on the balance beam earned her a perfect score and a gold medal.","Positive"
"Quarterback Thompson's strategic play led to an impressive comeback in the final quarter of the game.","Positive"
"In a record-breaking performance, swimmer Jackson shattered the previous world record in the 100-meter freestyle.","Positive"
"The packed stadium roared as the home team secured their victory in the nail-biting final seconds of the match.","Positive"
"The long-awaited sequel to the blockbuster hit captivated audiences with its stunning visual effects and gripping storyline.","Positive"
"Award-winning actor Smith delivers a powerhouse performance in the intense courtroom drama.","Positive"
"The chart-topping single 'Fire and Ice' dominated the airwaves, earning praise from fans and critics alike.","Positive"
"Renowned director Spielberg's latest film receives rave reviews at the prestigious Cannes Film Festival.","Positive"
"Artificial intelligence breakthrough opens up new possibilities for data analysis and prediction.","Positive"
"Groundbreaking research in quantum computing paves the way for unprecedented advancements.","Positive"
"The ancient ruins of Petra stand as a testament to the ingenuity of past civilizations.","Positive"
"Visiting the historic sites of Rome, tourists marvel at the architectural wonders of the Colosseum and the Pantheon.","Positive"
"Exploring the remote wilderness of Patagonia, adventurers encounter breathtaking landscapes and abundant wildlife.","Positive"
"The vibrant street food scene in Bangkok offers a tantalizing array of flavors and culinary delights.","Positive"
"Sailing through the pristine waters of the Caribbean, vacationers are mesmerized by the beauty of the tropical islands.","Positive"
"The controversial bill sparked fierce debate among lawmakers, with passionate arguments on both sides of the issue.","Neutral"
"In response to growing public pressure, the government announced sweeping reforms to address systemic inequality.","Positive"
"The high-profile scandal rocked the political establishment, leading to calls for accountability and transparency.","Negative"
"Amidst mounting tensions, diplomatic efforts were made to de-escalate the conflict and restore peace in the region.","Neutral"
"Visitors at the Grand Canyon often spend their time hiking and taking photographs.","Neutral"
"The Louvre Museum in Paris sees millions of visitors each year, attracted by its extensive art collection.","Neutral"
"The book fair in Frankfurt is an annual event that attracts publishers and authors from around the world.","Neutral"
"The train from New York to Washington D.C. runs several times a day, providing a convenient travel option.","Neutral"
"The climate in San Francisco is characterized by cool summers and mild winters, making it a comfortable place to live.","Neutral"
"Mount Fuji in Japan is a popular destination for both tourists and local hikers.","Neutral"
"The Sydney Opera House is a renowned architectural marvel, hosting numerous performances throughout the year.","Neutral"
"The botanical gardens in Singapore feature a wide variety of plant species from around the world.","Neutral"
"The ski resorts in the Swiss Alps offer a range of activities for winter sports enthusiasts.","Neutral"
"The annual jazz festival in New Orleans is a major cultural event, featuring performances by top musicians.","Neutral"
"The historical landmarks in Rome attract history buffs and tourists interested in ancient architecture.","Neutral"
"The local market in Bangkok is known for its street food and unique shopping experiences.","Neutral"
"The coffee shops in Amsterdam are famous for their cozy atmosphere and specialty brews.","Neutral"
"The hiking trails in the Rocky Mountains provide scenic views and opportunities for outdoor adventure.","Neutral"
"The beach resorts in the Maldives are a popular choice for honeymooners and luxury travelers.","Neutral"
"The science museum in London offers interactive exhibits and educational programs for visitors of all ages.","Neutral"
"The vineyards in Napa Valley are famous for their wine tours and tastings.","Neutral"
"The cultural festivals in India showcase the country's diverse traditions and vibrant celebrations.","Neutral"
"The tech conferences in Silicon Valley bring together industry leaders and innovators from around the globe.","Neutral"
"The annual film festival in Cannes is a prestigious event that draws filmmakers and celebrities.","Neutral"